Channel,Peak_Amplitude_uV,Peak_Latency_s
Pz,4.08018748525431e-06,0.41015625
Cz,3.892469574887012e-06,0.392578125
Fz,3.3982911288483405e-06,0.40234375
